{"lefttoebase_y": 0.0, "lefttoebase_z": 0.0, "rightleg_z": 0.0, "rightforearm_z": 0.0, "lefthandthumb1_x": 0.57853475913407226, "lefthandthumb1_y": 0.45821350583083442, "lefthandthumb1_z": 0.0, "leftforearm_z": 0.0, "leftleg_y": 0.0, "leftleg_z": 0.0, "righthandthumb1_x": 0.57355533477813336, "righthandthumb1_y": -0.42458624713265952, "righthandthumb1_z": 0.0, "righttoebase_y": 0.0, "rightleg_y": 0.0, "righttoebase_z": 0.0}